original_name,Synonym
Abies amabilis,Abies amabilis
Abies grandis,Abies grandis
Abies lasiocarpa,Abies lasiocarpa
Acer circinatum,Acer circinatum
Acer glabrum,Acer glabrum
Acer macrophyllum,Acer macrophyllum
Achillea millefolium,Achillea millefolium
Achlys triphylla,Achlys triphylla
Actaea rubra,Actaea rubra
Adiantum aleuticum,Adiantum pedatum
Agoseris glauca,Agoseris glauca
Allium cernuum,Allium cernuum
Allium geyeri,Allium geyeri
Alnus incana ssp. tenuifolia,Alnus incana ssp. tenuifolia
Alnus rubra,Alnus rubra
Amelanchier alnifolia,Amelanchier alnifolia
Anaphalis margaritacea,Anaphalis margaritacea
Anemone multifida,Anemone multifida
Angelica genuflexa,Angelica genuflexa
Angelica lucida,Angelica lucida
Antennaria neglecta,Antennaria neglecta
Apocynum androsaemifolium,Apocynum androsaemifolium
Apocynum cannabinum,Apocynum cannabinum
Aquilegia formosa,Aquilegia formosa
Aralia nudicaulis,Aralia nudicaulis
Arbutus menziesii,Arbutus menziesii
Arctostaphylos uva-ursi,Arctostaphylos uva-ursi
Arctous ruber,Arctous alpina
Argentina anserina,Potentilla anserina
Argentina egedii,Potentilla anserina ssp. groenlandica
Arnica cordifolia,Arnica cordifolia
Artemisia dracunculus,Artemisia dracunculus
Artemisia frigida,Artemisia frigida
Artemisia ludoviciana,Artemisia ludoviciana
Artemisia tilesii,Artemisia tilesii
Artemisia tridentata,Artemisia tridentata
Aruncus dioicus,Aruncus dioicus
Asarum caudatum,Asarum caudatum
Asclepias speciosa,Asclepias speciosa
Balsamorhiza sagittata,Balsamorhiza sagittata
Betula nana,Betula nana
Betula occidentalis,Betula occidentalis
Betula papyrifera,Betula papyrifera
Betula pumila var. glandulifera,Betula pumila
Blechnum spicant,Blechnum spicant
Boschniakia hookeri,Boschniakia hookeri
Boschniakia rossica,Boschniakia rossica
Bromus carinatus,Bromus carinatus
Calamagrostis rubescens,Calamagrostis rubescens
Calochortus macrocarpus,Calochortus macrocarpus
Calypso bulbosa,Calypso bulbosa
Camassia leichtlinii,Camassia leichtlinii
Camassia quamash,Camassia quamash
Campanula rotundifolia,Campanula rotundifolia
Carex obnupta,Carex obnupta
Carex rostrata,Carex rostrata
Castilleja hispida,Castilleja hispida
Castilleja miniata,Castilleja miniata
Ceanothus sanguineus,Ceanothus sanguineus
Ceanothus velutinus,Ceanothus velutinus
Chamaecyparis nootkatensis,Cupressus nootkatensis
Chenopodium capitatum,Chenopodium capitatum
Chimaphila umbellata,Chimaphila umbellata
Cicuta douglasii,Cicuta douglasii
Cicuta virosa,Cicuta virosa
Cirsium arvense,Cirsium arvense
Cirsium brevistylum,Cirsium brevistylum
Cirsium edule,Cirsium edule
Cirsium hookerianum,Cirsium hookerianum
Cirsium undulatum,Cirsium undulatum
Cirsium vulgare,Cirsium vulgare
Claytonia lanceolata,Claytonia lanceolata
Claytonia sibirica,Claytonia sibirica
Clematis columbiana,Clematis columbiana
Clematis ligusticifolia,Clematis ligusticifolia
Clematis occidentalis,Clematis occidentalis
Clintonia uniflora,Clintonia uniflora
Comandra umbellata,Comandra umbellata
Comarum palustre,Comarum palustre
Conioselinum gmelinii,Conioselinum gmelinii
Cornus canadensis,Cornus canadensis
Cornus nuttallii,Cornus nuttallii
Cornus sericea,Cornus sericea
Cornus suecica,Cornus suecica
Cornus unalaschkensis,Cornus canadensis
Corylus cornuta,Corylus cornuta
Crataegus douglasii,Crataegus douglasii
Delphinium nuttallianum,Delphinium nuttallianum
Dicentra formosa,Dicentra formosa
Dodecatheon hendersonii,Dodecatheon hendersonii
Dodecatheon jeffreyi,Dodecatheon jeffreyi
Dodecatheon pulchellum,Dodecatheon pulchellum
Drosera rotundifolia,Drosera rotundifolia
Dryopteris expansa,Dryopteris expansa
Elaeagnus commutata,Elaeagnus commutata
Empetrum nigrum,Empetrum nigrum
Epilobium angustifolium,Epilobium angustifolium
Equisetum arvense,Equisetum arvense
Equisetum telmateia,Equisetum telmateia
Ericameria nauseosa,Ericameria nauseosa
Eriophorum angustifolium,Eriophorum angustifolium
Erythronium grandiflorum,Erythronium grandiflorum
Eurybia conspicua,Aster conspicuus
Fragaria chiloensis,Fragaria chiloensis
Fragaria vesca,Fragaria vesca
Fragaria virginiana,Fragaria virginiana
Frangula purshiana,Frangula purshiana
Frasera montana,Frasera montana
Fritillaria affinis,Fritillaria affinis
Fritillaria camschatcensis,Fritillaria camschatcensis
Fritillaria pudica,Fritillaria pudica
Gaillardia aristata,Gaillardia aristata
Galium aparine,Galium aparine
Galium triflorum,Galium triflorum
Gaultheria shallon,Gaultheria shallon
Geranium viscosissimum,Geranium viscosissimum
Geum macrophyllum,Geum macrophyllum
Geum triflorum,Geum triflorum
Glaux maritima,Lysimachia maritima
Goodyera oblongifolia,Goodyera oblongifolia
Gymnocarpium dryopteris,Gymnocarpium dryopteris
Hackelia diffusa,Hackelia diffusa
Hedysarum alpinum,Hedysarum alpinum
Heracleum maximum,Heracleum maximum
Heuchera cylindrica,Heuchera cylindrica
Hierochloe odorata,Hierochloe odorata
Holodiscus discolor,Holodiscus discolor
Hordeum jubatum,Hordeum jubatum
Juncus effusus,Juncus effusus
Juniperus communis,Juniperus communis
Juniperus scopulorum,Juniperus scopulorum
Kalmia microphylla,Kalmia microphylla
Lappula occidentalis,Lappula redowskii
Larix laricina,Larix laricina
Larix occidentalis,Larix occidentalis
Lathyrus japonicus,Lathyrus japonicus
Lathyrus nevadensis,Lathyrus nevadensis
Lathyrus ochroleucus,Lathyrus ochroleucus
Ledum glandulosum,Ledum glandulosum
Ledum groenlandicum,Ledum groenlandicum
Lewisia rediviva,Lewisia rediviva
Leymus cinereus,Leymus cinereus
Leymus mollis,Leymus mollis
Ligusticum canbyi,Ligusticum canbyi
Ligusticum scoticum,Ligusticum scoticum
Lilium columbianum,Lilium columbianum
Linnaea borealis,Linnaea borealis
Lithospermum ruderale,Lithospermum ruderale
Lomatium canbyi,Lomatium canbyi
Lomatium cous,Lomatium cous
Lomatium dissectum,Lomatium dissectum
Lomatium geyeri,Lomatium geyeri
Lomatium macrocarpum,Lomatium macrocarpum
Lomatium nudicaule,Lomatium nudicaule
Lonicera ciliosa,Lonicera ciliosa
Lonicera involucrata,Lonicera involucrata
Lupinus nootkatensis,Lupinus nootkatensis
Lupinus polyphyllus,Lupinus polyphyllus
Lycopodium clavatum,Lycopodium clavatum
Lysichiton americanus,Lysichiton americanus
Mahonia aquifolium,Mahonia aquifolium
Mahonia nervosa,Berberis nervosa
Maianthemum dilatatum,Maianthemum dilatatum
Malus fusca,Malus fusca
Mentha arvensis,Mentha arvensis
Menziesia ferruginea,Menziesia ferruginea
Moneses uniflora,Moneses uniflora
Monotropa uniflora,Monotropa uniflora
Myrica gale,Myrica gale
Nicotiana attenuata,Nicotiana attenuata
Nicotiana quadrivalvis,Nicotiana quadrivalvis
Nicotiana tabacum,Nicotiana tabacum
Nuphar lutea,Nuphar lutea
Oemleria cerasiformis,Oemleria cerasiformis
Oenanthe sarmentosa,Oenanthe sarmentosa
Oplopanax horridus,Oplopanax horridus
Opuntia fragilis,Opuntia fragilis
Opuntia polyacantha,Opuntia polyacantha
Osmorhiza berteroi,Osmorhiza berteroi
Osmorhiza occidentalis,Osmorhiza occidentalis
Oxalis oregana,Oxalis oregana
Oxyria digyna,Oxyria digyna
Paxistima myrsinites,Paxistima myrsinites
Penstemon fruticosus,Penstemon fruticosus
Perideridia gairdneri,Perideridia gairdneri
Petasites frigidus,Petasites frigidus
Phalaris arundinacea,Phalaris arundinacea
Philadelphus lewisii,Philadelphus lewisii
Phyllospadix scouleri,Phyllospadix iwatensis
Physocarpus capitatus,Physocarpus capitatus
Physocarpus malvaceus,Physocarpus malvaceus
Picea engelmannii,Picea engelmannii
Picea glauca,Picea glauca
Picea mariana,Picea mariana
Picea sitchensis,Picea sitchensis
Pinus albicaulis,Pinus albicaulis
Pinus contorta,Pinus contorta
Pinus monticola,Pinus monticola
Pinus ponderosa,Pinus ponderosa
Plantago major,Plantago major
Plantago maritima,Plantago maritima
Platanthera dilatata,Platanthera dilatata
Platanthera stricta,Platanthera dilatata
Polypodium glycyrrhiza,Polypodium vulgare
Polystichum munitum,Polystichum munitum
Populus balsamifera ssp. balsamifera,Populus balsamifera
Populus tremuloides,Populus tremuloides
Potamogeton natans,Potamogeton natans
Prunus emarginata,Prunus emarginata
Prunus pensylvanica,Prunus pensylvanica
Prunus virginiana,Prunus virginiana
Pseudoroegneria spicata,Elymus spicatus
Pseudotsuga menziesii,Pseudotsuga menziesii
Pteridium aquilinum,Pteridium aquilinum
Pterospora andromedea,Pterospora andromedea
Purshia tridentata,Purshia tridentata
Pyrola asarifolia,Pyrola asarifolia
Quercus garryana,Quercus garryana
Ranunculus acris,Ranunculus acris
Ranunculus glaberrimus,Ranunculus glaberrimus
Ranunculus occidentalis,Ranunculus occidentalis
Rhodiola rosea,Rhodiola rosea var. rosea
Rhododendron albiflorum,Rhododendron albiflorum
Rhus glabra,Rhus glabra
Ribes aureum,Ribes aureum
Ribes bracteosum,Ribes bracteosum
Ribes cereum,Ribes cereum
Ribes divaricatum,Ribes divaricatum
Ribes glandulosum,Ribes glandulosum
Ribes hudsonianum,Ribes hudsonianum
Ribes inerme,Ribes inerme
Ribes lacustre,Ribes lacustre
Ribes laxiflorum,Ribes laxiflorum
Ribes lobbii,Ribes lobbii
Ribes oxyacanthoides,Ribes oxyacanthoides
Ribes sanguineum,Ribes sanguineum
Ribes triste,Ribes triste
Rosa acicularis,Rosa acicularis
Rosa gymnocarpa,Rosa gymnocarpa
Rosa nutkana,Rosa nutkana
Rosa pisocarpa,Rosa pisocarpa
Rosa woodsii,Rosa woodsii
Rubus arcticus,Rubus arcticus
Rubus chamaemorus,Rubus chamaemorus
Rubus idaeus,Rubus idaeus
Rubus leucodermis,Rubus leucodermis
Rubus parviflorus,Rubus parviflorus
Rubus pedatus,Rubus pedatus
Rubus pubescens,Rubus pubescens
Rubus spectabilis,Rubus spectabilis
Rubus ursinus,Rubus ursinus
Rumex aquaticus,Rumex aquaticus
Sagittaria cuneata,Sagittaria cuneata
Sagittaria latifolia,Sagittaria latifolia
Salix bebbiana,Salix bebbiana
Salix discolor,Salix discolor
Salix exigua,Salix exigua
Salix hookeriana,Salix hookeriana
Salix lucida,Salix lucida
Salix scouleriana,Salix scouleriana
Salix sitchensis,Salix sitchensis
Sambucus nigra,Sambucus nigra
Sambucus racemosa,Sambucus racemosa
Schoenoplectus acutus,Schoenoplectus acutus
Schoenoplectus americanus,Schoenoplectus americanus
Scirpus microcarpus,Scirpus microcarpus
Sedum divergens,Sedum divergens
Shepherdia canadensis,Shepherdia canadensis
Sium suave,Sium suave
Solidago canadensis,Solidago canadensis
Sorbus scopulina,Sorbus scopulina
Sorbus sitchensis,Sorbus sitchensis
Spiraea betulifolia,Spiraea betulifolia
Spiraea douglasii,Spiraea douglasii
Streptopus amplexifolius,Streptopus amplexifolius
Symphoricarpos albus,Symphoricarpos albus
Taxus brevifolia,Taxus brevifolia
Thalictrum occidentale,Thalictrum occidentale
Thuja plicata,Thuja plicata
Toxicodendron rydbergii,Toxicodendron radicans
Trifolium wormskioldii,Trifolium wormskioldii
Triglochin maritima,Triglochin maritima
Trillium ovatum,Trillium ovatum
Trillium petiolatum,Trillium petiolatum
Triteleia grandiflora,Triteleia grandiflora
Tsuga heterophylla,Tsuga heterophylla
Tsuga mertensiana,Tsuga mertensiana
Typha latifolia,Typha latifolia
Urtica dioica,Urtica dioica
Vaccinium caespitosum,Vaccinium caespitosum
Vaccinium membranaceum,Vaccinium membranaceum
Vaccinium myrtilloides,Vaccinium myrtilloides
Vaccinium myrtillus,Vaccinium myrtillus
Vaccinium ovalifolium,Vaccinium ovalifolium
Vaccinium ovatum,Vaccinium ovatum
Vaccinium oxycoccos,Vaccinium oxycoccos
Vaccinium parvifolium,Vaccinium parvifolium
Vaccinium scoparium,Vaccinium scoparium
Vaccinium uliginosum,Vaccinium uliginosum
Vaccinium vitis-idaea,Vaccinium vitis-idaea
Valeriana edulis,Valeriana edulis
Valeriana sitchensis,Valeriana sitchensis
Veratrum viride,Veratrum viride
Viburnum edule,Viburnum edule
Viburnum opulus,Viburnum opulus
Viola adunca,Viola adunca
Xerophyllum tenax,Xerophyllum tenax
Zigadenus elegans,Anticlea elegans
Zigadenus venenosus,Toxicoscordion venenosum
Zostera marina,Zostera marina
